{
    "IsEncrypted": false,
  "Values": {
    "AzureWebJobsStorage": "UseDevelopmentStorage=true",
    "AzureWebJobsDashboard": "UseDevelopmentStorage=true",
    "pshellostorage": "DefaultEndpointsProtocol=https;AccountName=pshellostorage;AccountKey=hTJoaNE9VRgHrkySec8R8n8ZjfKO3Cn6kusBK/w59tQURdiw1O79Ski0E+lbuF89fzSRTHqhkHRc8XE+F5t7mg==;EndpointSuffix=core.windows.net",
    "psdb": "AccountEndpoint=https://psdb.documents.azure.com:443/;AccountKey=8pkIvNr358TuqJbdDNN9T1sj8meQuPH5RAEdjc0GeZbuCnkaFTD3uw7PEIJHSzaBL9jjqa0vKT3yTsFjvUEMKA==;"
  }
}